<feed>
  <entry>
    <title>RoosterTeeth</title>
    <content type="application/atom+xml;type=feed" src="http://gdata.youtube.com/feeds/api/users/RoosterTeeth/uploads?v=2&amp;start-index=1&amp;max-results=50"/>
  </entry>
  <entry>
    <title>PewDiePie</title>
    <content type="application/atom+xml;type=feed" src="http://gdata.youtube.com/feeds/api/users/PewDiePie/uploads?v=2&amp;start-index=1&amp;max-results=50"/>
  </entry>
  <entry>
    <title>YouTube</title>
    <content type="application/atom+xml;type=feed" src="http://gdata.youtube.com/feeds/api/users/YouTube/uploads?v=2&amp;start-index=1&amp;max-results=50"/>
  </entry>
  <entry>
    <title>smosh</title>
    <content type="application/atom+xml;type=feed" src="http://gdata.youtube.com/feeds/api/users/smosh/uploads?v=2&amp;start-index=1&amp;max-results=50"/>
  </entry>
  <entry>
    <title>JennaMarbles</title>
    <content type="application/atom+xml;type=feed" src="http://gdata.youtube.com/feeds/api/users/JennaMarbles/uploads?v=2&amp;start-index=1&amp;max-results=50"/>
  </entry>
  <entry>
    <title>nigahiga</title>
    <content type="application/atom+xml;type=feed" src="http://gdata.youtube.com/feeds/api/users/nigahiga/uploads?v=2&amp;start-index=1&amp;max-results=50"/>
  </entry>
  <entry>
    <title>machinima</title>
    <content type="application/atom+xml;type=feed" src="http://gdata.youtube.com/feeds/api/users/machinima/uploads?v=2&amp;start-index=1&amp;max-results=50"/>
  </entry>
  <entry>
    <title>RayWilliamJohnson</title>
    <content type="application/atom+xml;type=feed" src="http://gdata.youtube.com/feeds/api/users/RayWilliamJohnson/uploads?v=2&amp;start-index=1&amp;max-results=50"/>
  </entry>
  <entry>
    <title>ERB</title>
    <content type="application/atom+xml;type=feed" src="http://gdata.youtube.com/feeds/api/users/ERB/uploads?v=2&amp;start-index=1&amp;max-results=50"/>
  </entry>
  <entry>
    <title>SkyDoesMinecraft</title>
    <content type="application/atom+xml;type=feed" src="http://gdata.youtube.com/feeds/api/users/SkyDoesMinecraft/uploads?v=2&amp;start-index=1&amp;max-results=50"/>
  </entry>
  <entry>
    <title>TheEllenShow</title>
    <content type="application/atom+xml;type=feed" src="http://gdata.youtube.com/feeds/api/users/TheEllenShow/uploads?v=2&amp;start-index=1&amp;max-results=50"/>
  </entry>
  <entry>
    <title>TheFineBros</title>
    <content type="application/atom+xml;type=feed" src="http://gdata.youtube.com/feeds/api/users/TheFineBros/uploads?v=2&amp;start-index=1&amp;max-results=50"/>
  </entry>
    <entry>
    <title>TheSyndicateProject</title>
    <content type="application/atom+xml;type=feed" src="http://gdata.youtube.com/feeds/api/users/TheSyndicateProject/uploads?v=2&amp;start-index=1&amp;max-results=50"/>
  </entry>
    <entry>
    <title>CaptainSparklez</title>
    <content type="application/atom+xml;type=feed" src="http://gdata.youtube.com/feeds/api/users/CaptainSparklez/uploads?v=2&amp;start-index=1&amp;max-results=50"/>
  </entry>
</feed>